{
"type": "FeatureCollection",
"features": [
{ "type": "Feature", "properties": { "scalerank": 6, "featurecla": "Admin-0 map subunit", "labelrank": 6.000000, "sovereignt": "United States of America", "sov_a3": "US1", "adm0_dif": 1.000000, "level": 3.000000, "type": "Geo unit", "admin": "United States Minor Outlying Islands", "adm0_a3": "UMI", "geou_dif": 1.000000, "geounit": "Jarvis Island", "gu_a3": "DQI", "su_dif": 0.000000, "subunit": "Jarvis Island", "su_a3": "DQI", "brk_diff": 0.000000, "name": "Jarvis I.", "name_long": "Jarvis Island", "brk_a3": "DQI", "brk_name": "Jarvis I.", "brk_group": "", "abbrev": "Jar. I.", "postal": "JI", "formal_en": "", "formal_fr": "", "note_adm0": "U.S.A.", "note_brk": "", "name_sort": "Jarvis Island", "name_alt": "", "mapcolor7": 4.000000, "mapcolor8": 5.000000, "mapcolor9": 1.000000, "mapcolor13": 1.000000, "pop_est": -99.000000, "gdp_md_est": -99.000000, "pop_year": -99.000000, "lastcensus": -99.000000, "gdp_year": -99.000000, "economy": "7. Least developed region", "income_grp": "5. Low income", "wikipedia": -99.000000, "fips_10": "", "iso_a2": "-99", "iso_a3": "-99", "iso_n3": "-99", "un_a3": "-099", "wb_a2": "-99", "wb_a3": "-99", "woe_id": -99.000000, "adm0_a3_is": "DQI", "adm0_a3_us": "UMI", "adm0_a3_un": -99.000000, "adm0_a3_wb": -99.000000, "continent": "Oceania", "region_un": "Oceania", "subregion": "Micronesia", "region_wb": "East Asia & Pacific", "name_len": 9.000000, "long_len": 13.000000, "abbrev_len": 7.000000, "tiny": -99.000000, "homepart": -99.000000 }, "geometry": { "type": "Polygon", "coordinates": [ [ [ -160.029978, -0.376153 ], [ -160.029937, -0.376153 ], [ -160.008901, -0.372491 ], [ -160.012441, -0.382094 ], [ -160.024770, -0.388767 ], [ -160.029978, -0.376153 ] ] ] } }
,
{ "type": "Feature", "properties": { "scalerank": 6, "featurecla": "Admin-0 map subunit", "labelrank": 6.000000, "sovereignt": "United States of America", "sov_a3": "US1", "adm0_dif": 1.000000, "level": 3.000000, "type": "Geo unit", "admin": "United States Minor Outlying Islands", "adm0_a3": "UMI", "geou_dif": 1.000000, "geounit": "Baker Island", "gu_a3": "FQI", "su_dif": 0.000000, "subunit": "Baker Island", "su_a3": "FQI", "brk_diff": 0.000000, "name": "Baker I.", "name_long": "Baker Island", "brk_a3": "FQI", "brk_name": "Baker I.", "brk_group": "", "abbrev": "Baker I.", "postal": "BI", "formal_en": "", "formal_fr": "", "note_adm0": "U.S.A.", "note_brk": "", "name_sort": "Baker Island", "name_alt": "", "mapcolor7": 4.000000, "mapcolor8": 5.000000, "mapcolor9": 1.000000, "mapcolor13": 1.000000, "pop_est": -99.000000, "gdp_md_est": -99.000000, "pop_year": -99.000000, "lastcensus": -99.000000, "gdp_year": -99.000000, "economy": "7. Least developed region", "income_grp": "5. Low income", "wikipedia": -99.000000, "fips_10": "", "iso_a2": "-99", "iso_a3": "-99", "iso_n3": "-99", "un_a3": "-099", "wb_a2": "-99", "wb_a3": "-99", "woe_id": -99.000000, "adm0_a3_is": "FQI", "adm0_a3_us": "UMI", "adm0_a3_un": -99.000000, "adm0_a3_wb": -99.000000, "continent": "Oceania", "region_un": "Oceania", "subregion": "Micronesia", "region_wb": "East Asia & Pacific", "name_len": 8.000000, "long_len": 12.000000, "abbrev_len": 8.000000, "tiny": -99.000000, "homepart": -99.000000 }, "geometry": { "type": "MultiPolygon", "coordinates": [ [ [ [ -176.475290, 0.193101 ], [ -176.479319, 0.190334 ], [ -176.481272, 0.191474 ], [ -176.482900, 0.194322 ], [ -176.485829, 0.196519 ], [ -176.482126, 0.196682 ], [ -176.479115, 0.197903 ], [ -176.476877, 0.197455 ], [ -176.475290, 0.193101 ] ] ], [ [ [ -176.459543, 0.225898 ], [ -176.459177, 0.219224 ], [ -176.463938, 0.221869 ], [ -176.459543, 0.225898 ] ] ] ] } }
,
{ "type": "Feature", "properties": { "scalerank": 5, "featurecla": "Admin-0 map subunit", "labelrank": 6.000000, "sovereignt": "Federated States of Micronesia", "sov_a3": "FSM", "adm0_dif": 0.000000, "level": 2.000000, "type": "Sovereign country", "admin": "Federated States of Micronesia", "adm0_a3": "FSM", "geou_dif": 0.000000, "geounit": "Federated States of Micronesia", "gu_a3": "FSM", "su_dif": 0.000000, "subunit": "Federated States of Micronesia", "su_a3": "FSM", "brk_diff": 0.000000, "name": "Micronesia", "name_long": "Federated States of Micronesia", "brk_a3": "FSM", "brk_name": "Micronesia", "brk_group": "", "abbrev": "F.S.M.", "postal": "FSM", "formal_en": "Federated States of Micronesia", "formal_fr": "", "note_adm0": "", "note_brk": "", "name_sort": "Micronesia, Federated States of", "name_alt": "", "mapcolor7": 5.000000, "mapcolor8": 2.000000, "mapcolor9": 4.000000, "mapcolor13": 13.000000, "pop_est": 107434.000000, "gdp_md_est": 238.100000, "pop_year": -99.000000, "lastcensus": 2000.000000, "gdp_year": -99.000000, "economy": "6. Developing region", "income_grp": "4. Lower middle income", "wikipedia": -99.000000, "fips_10": "", "iso_a2": "FM", "iso_a3": "FSM", "iso_n3": "583", "un_a3": "583", "wb_a2": "FM", "wb_a3": "FSM", "woe_id": -99.000000, "adm0_a3_is": "FSM", "adm0_a3_us": "FSM", "adm0_a3_un": -99.000000, "adm0_a3_wb": -99.000000, "continent": "Oceania", "region_un": "Oceania", "subregion": "Micronesia", "region_wb": "East Asia & Pacific", "name_len": 10.000000, "long_len": 30.000000, "abbrev_len": 6.000000, "tiny": -99.000000, "homepart": 1.000000 }, "geometry": { "type": "MultiPolygon", "coordinates": [ [ [ [ 154.817638, 0.922187 ], [ 154.812836, 0.918158 ], [ 154.801768, 0.918199 ], [ 154.798595, 0.924465 ], [ 154.802989, 0.927069 ], [ 154.808116, 0.927802 ], [ 154.814301, 0.925767 ], [ 154.817638, 0.922187 ] ] ], [ [ [ 154.732921, 0.967027 ], [ 154.726817, 0.960639 ], [ 154.715099, 0.961371 ], [ 154.714854, 0.965562 ], [ 154.721934, 0.969184 ], [ 154.732921, 0.967027 ] ] ], [ [ [ 154.796560, 0.965806 ], [ 154.792328, 0.962877 ], [ 154.783702, 0.963690 ], [ 154.778168, 0.968817 ], [ 154.778494, 0.973700 ], [ 154.784353, 0.975491 ], [ 154.793142, 0.972113 ], [ 154.796560, 0.965806 ] ] ], [ [ [ 154.894298, 3.762844 ], [ 154.879242, 3.751939 ], [ 154.876720, 3.767971 ], [ 154.891856, 3.778795 ], [ 154.894298, 3.762844 ] ] ], [ [ [ 154.791759, 3.776557 ], [ 154.773692, 3.766262 ], [ 154.771251, 3.781480 ], [ 154.789317, 3.791815 ], [ 154.791759, 3.776557 ] ] ], [ [ [ 153.678233, 5.289496 ], [ 153.667735, 5.286038 ], [ 153.671723, 5.297675 ], [ 153.685313, 5.309719 ], [ 153.700857, 5.316962 ], [ 153.710704, 5.314602 ], [ 153.707693, 5.305365 ], [ 153.694102, 5.296454 ], [ 153.678233, 5.289496 ] ] ], [ [ [ 163.042979, 5.310940 ], [ 163.025727, 5.280015 ], [ 163.019216, 5.272691 ], [ 163.005544, 5.269761 ], [ 162.993419, 5.272854 ], [ 162.981456, 5.277655 ], [ 162.967621, 5.280178 ], [ 162.945974, 5.280015 ], [ 162.931326, 5.281928 ], [ 162.916189, 5.286933 ], [ 162.912120, 5.304185 ], [ 162.924083, 5.321031 ], [ 162.971446, 5.361762 ], [ 162.990733, 5.374823 ], [ 163.010590, 5.379706 ], [ 163.026052, 5.368842 ], [ 163.027354, 5.362698 ], [ 163.025727, 5.347602 ], [ 163.026052, 5.340888 ], [ 163.030447, 5.335679 ], [ 163.037283, 5.333686 ], [ 163.043712, 5.330959 ], [ 163.046560, 5.323554 ], [ 163.042979, 5.310940 ] ] ], [ [ [ 157.162446, 5.775824 ], [ 157.161876, 5.773871 ], [ 157.160655, 5.776190 ], [ 157.158946, 5.777899 ], [ 157.158458, 5.779202 ], [ 157.160899, 5.779934 ], [ 157.163910, 5.778713 ], [ 157.163829, 5.777289 ], [ 157.162446, 5.775824 ] ] ], [ [ [ 149.321056, 6.702216 ], [ 149.315766, 6.696926 ], [ 149.316091, 6.703925 ], [ 149.316905, 6.709906 ], [ 149.318858, 6.715074 ], [ 149.323497, 6.719468 ], [ 149.325694, 6.712551 ], [ 149.324718, 6.707099 ], [ 149.321056, 6.702216 ] ] ], [ [ [ 157.945811, 6.722602 ], [ 157.936371, 6.717190 ], [ 157.939220, 6.727362 ], [ 157.942068, 6.730536 ], [ 157.948904, 6.731676 ], [ 157.948253, 6.725775 ], [ 157.945811, 6.722602 ] ] ], [ [ [ 158.201671, 6.970038 ], [ 158.208263, 6.965277 ], [ 158.218028, 6.970852 ], [ 158.225271, 6.970201 ], [ 158.232432, 6.967108 ], [ 158.242361, 6.965277 ], [ 158.267345, 6.966376 ], [ 158.276622, 6.965277 ], [ 158.277354, 6.963202 ], [ 158.293956, 6.952297 ], [ 158.297048, 6.951646 ], [ 158.303477, 6.942857 ], [ 158.300792, 6.940741 ], [ 158.290782, 6.937974 ], [ 158.296235, 6.928127 ], [ 158.304698, 6.924384 ], [ 158.314708, 6.925767 ], [ 158.324962, 6.931138 ], [ 158.338227, 6.879096 ], [ 158.338634, 6.869086 ], [ 158.330740, 6.866604 ], [ 158.308849, 6.868476 ], [ 158.304454, 6.865953 ], [ 158.306407, 6.855211 ], [ 158.315603, 6.836615 ], [ 158.317556, 6.824693 ], [ 158.313813, 6.808661 ], [ 158.304535, 6.799302 ], [ 158.292491, 6.795071 ], [ 158.244477, 6.788275 ], [ 158.225352, 6.789496 ], [ 158.215099, 6.800767 ], [ 158.193533, 6.793443 ], [ 158.180186, 6.802476 ], [ 158.170584, 6.817532 ], [ 158.160492, 6.828111 ], [ 158.164561, 6.841213 ], [ 158.166026, 6.853990 ], [ 158.162934, 6.865790 ], [ 158.153087, 6.875922 ], [ 158.155935, 6.879869 ], [ 158.160492, 6.890204 ], [ 158.132986, 6.891913 ], [ 158.125824, 6.907416 ], [ 158.132498, 6.941352 ], [ 158.141856, 6.950995 ], [ 158.161143, 6.951361 ], [ 158.178233, 6.956041 ], [ 158.180919, 6.978949 ], [ 158.201671, 6.970038 ] ] ], [ [ [ 151.861827, 7.327135 ], [ 151.856781, 7.316596 ], [ 151.853201, 7.353827 ], [ 151.854503, 7.370063 ], [ 151.862641, 7.361762 ], [ 151.865571, 7.350653 ], [ 151.865245, 7.338772 ], [ 151.861827, 7.327135 ] ] ], [ [ [ 149.186697, 7.376125 ], [ 149.185720, 7.371649 ], [ 149.180837, 7.381171 ], [ 149.187266, 7.381578 ], [ 149.188243, 7.379788 ], [ 149.186697, 7.376125 ] ] ], [ [ [ 151.636404, 7.387112 ], [ 151.650157, 7.369371 ], [ 151.650727, 7.354234 ], [ 151.644542, 7.336086 ], [ 151.634288, 7.327867 ], [ 151.622732, 7.342678 ], [ 151.615896, 7.342678 ], [ 151.607432, 7.336127 ], [ 151.595958, 7.336737 ], [ 151.582693, 7.340399 ], [ 151.568126, 7.342678 ], [ 151.571137, 7.346259 ], [ 151.574229, 7.347724 ], [ 151.581798, 7.348863 ], [ 151.591075, 7.353420 ], [ 151.617361, 7.358954 ], [ 151.622732, 7.365912 ], [ 151.618419, 7.375881 ], [ 151.596934, 7.372748 ], [ 151.588634, 7.383612 ], [ 151.622406, 7.391750 ], [ 151.636404, 7.387112 ] ] ], [ [ [ 151.870291, 7.463528 ], [ 151.876720, 7.458726 ], [ 151.883800, 7.463568 ], [ 151.892263, 7.462470 ], [ 151.903168, 7.459540 ], [ 151.917654, 7.458726 ], [ 151.907481, 7.446926 ], [ 151.890636, 7.435248 ], [ 151.871918, 7.426744 ], [ 151.856212, 7.424628 ], [ 151.855642, 7.436957 ], [ 151.856781, 7.447170 ], [ 151.863048, 7.465562 ], [ 151.867442, 7.464748 ], [ 151.870291, 7.463528 ] ] ], [ [ [ 150.408458, 8.579291 ], [ 150.407481, 8.575507 ], [ 150.404633, 8.586005 ], [ 150.409353, 8.584662 ], [ 150.409841, 8.582343 ], [ 150.408458, 8.579291 ] ] ], [ [ [ 149.674490, 8.581732 ], [ 149.668712, 8.574693 ], [ 149.665294, 8.587592 ], [ 149.667817, 8.604234 ], [ 149.675548, 8.616441 ], [ 149.687266, 8.616034 ], [ 149.688813, 8.607327 ], [ 149.682953, 8.594306 ], [ 149.674490, 8.581732 ] ] ], [ [ [ 150.122813, 8.978217 ], [ 150.118175, 8.976304 ], [ 150.124278, 8.985500 ], [ 150.127452, 8.987494 ], [ 150.132986, 8.986070 ], [ 150.130544, 8.980943 ], [ 150.127126, 8.979153 ], [ 150.122813, 8.978217 ] ] ], [ [ [ 138.184255, 9.544379 ], [ 138.197520, 9.539008 ], [ 138.219005, 9.548570 ], [ 138.214122, 9.537055 ], [ 138.202403, 9.521186 ], [ 138.188731, 9.506822 ], [ 138.177989, 9.500190 ], [ 138.164073, 9.504828 ], [ 138.156586, 9.525784 ], [ 138.143809, 9.521308 ], [ 138.134451, 9.511868 ], [ 138.079845, 9.425442 ], [ 138.068126, 9.412055 ], [ 138.063813, 9.436103 ], [ 138.073009, 9.470404 ], [ 138.089122, 9.501166 ], [ 138.105968, 9.514472 ], [ 138.112966, 9.521470 ], [ 138.121267, 9.554877 ], [ 138.126231, 9.565985 ], [ 138.141124, 9.574368 ], [ 138.147227, 9.567369 ], [ 138.150076, 9.541164 ], [ 138.151866, 9.550849 ], [ 138.154959, 9.560736 ], [ 138.159190, 9.569525 ], [ 138.164399, 9.575873 ], [ 138.173188, 9.582343 ], [ 138.184906, 9.588813 ], [ 138.193614, 9.588853 ], [ 138.192393, 9.575873 ], [ 138.181651, 9.558743 ], [ 138.184255, 9.544379 ] ] ], [ [ [ 140.524669, 9.764472 ], [ 140.515391, 9.761176 ], [ 140.514171, 9.767808 ], [ 140.521739, 9.774726 ], [ 140.531261, 9.775580 ], [ 140.532888, 9.771918 ], [ 140.524669, 9.764472 ] ] ] ] } }
,
{ "type": "Feature", "properties": { "scalerank": 5, "featurecla": "Admin-0 map subunit", "labelrank": 6.000000, "sovereignt": "United States of America", "sov_a3": "US1", "adm0_dif": 1.000000, "level": 2.000000, "type": "Dependency", "admin": "Guam", "adm0_a3": "GUM", "geou_dif": 0.000000, "geounit": "Guam", "gu_a3": "GUM", "su_dif": 0.000000, "subunit": "Guam", "su_a3": "GUM", "brk_diff": 0.000000, "name": "Guam", "name_long": "Guam", "brk_a3": "GUM", "brk_name": "Guam", "brk_group": "", "abbrev": "Guam", "postal": "GU", "formal_en": "Territory of Guam", "formal_fr": "", "note_adm0": "U.S.A.", "note_brk": "", "name_sort": "Guam", "name_alt": "", "mapcolor7": 4.000000, "mapcolor8": 5.000000, "mapcolor9": 1.000000, "mapcolor13": 1.000000, "pop_est": 178430.000000, "gdp_md_est": 2500.000000, "pop_year": -99.000000, "lastcensus": 2010.000000, "gdp_year": -99.000000, "economy": "6. Developing region", "income_grp": "2. High income: nonOECD", "wikipedia": -99.000000, "fips_10": "", "iso_a2": "GU", "iso_a3": "GUM", "iso_n3": "316", "un_a3": "316", "wb_a2": "GU", "wb_a3": "GUM", "woe_id": -99.000000, "adm0_a3_is": "GUM", "adm0_a3_us": "GUM", "adm0_a3_un": -99.000000, "adm0_a3_wb": -99.000000, "continent": "Oceania", "region_un": "Oceania", "subregion": "Micronesia", "region_wb": "East Asia & Pacific", "name_len": 4.000000, "long_len": 4.000000, "abbrev_len": 4.000000, "tiny": 2.000000, "homepart": -99.000000 }, "geometry": { "type": "Polygon", "coordinates": [ [ [ 144.886404, 13.640204 ], [ 144.896658, 13.617987 ], [ 144.914317, 13.605414 ], [ 144.934418, 13.599840 ], [ 144.951915, 13.598578 ], [ 144.952159, 13.586859 ], [ 144.937673, 13.560533 ], [ 144.906993, 13.516669 ], [ 144.871837, 13.485175 ], [ 144.808279, 13.445787 ], [ 144.783458, 13.420478 ], [ 144.769379, 13.379136 ], [ 144.760102, 13.285631 ], [ 144.735606, 13.249172 ], [ 144.718028, 13.241848 ], [ 144.697520, 13.241034 ], [ 144.680675, 13.246772 ], [ 144.670421, 13.264838 ], [ 144.656749, 13.282050 ], [ 144.653575, 13.287014 ], [ 144.647472, 13.324897 ], [ 144.644298, 13.331610 ], [ 144.639496, 13.337470 ], [ 144.633637, 13.342108 ], [ 144.626313, 13.345364 ], [ 144.636567, 13.355414 ], [ 144.643077, 13.365709 ], [ 144.646495, 13.378485 ], [ 144.647472, 13.396226 ], [ 144.645518, 13.404486 ], [ 144.640473, 13.414781 ], [ 144.634776, 13.423529 ], [ 144.624197, 13.431220 ], [ 144.628673, 13.438788 ], [ 144.636485, 13.443101 ], [ 144.640636, 13.437812 ], [ 144.654470, 13.439154 ], [ 144.714854, 13.473456 ], [ 144.728770, 13.485582 ], [ 144.783458, 13.516669 ], [ 144.794119, 13.527086 ], [ 144.803233, 13.539130 ], [ 144.811209, 13.553616 ], [ 144.832205, 13.620673 ], [ 144.838634, 13.632758 ], [ 144.850434, 13.643744 ], [ 144.866710, 13.653022 ], [ 144.880626, 13.654120 ], [ 144.886404, 13.640204 ] ] ] } }
,
{ "type": "Feature", "properties": { "scalerank": 6, "featurecla": "Admin-0 map subunit", "labelrank": 6.000000, "sovereignt": "United States of America", "sov_a3": "US1", "adm0_dif": 1.000000, "level": 3.000000, "type": "Geo unit", "admin": "United States Minor Outlying Islands", "adm0_a3": "UMI", "geou_dif": 1.000000, "geounit": "Howland Island", "gu_a3": "HQI", "su_dif": 0.000000, "subunit": "Howland Island", "su_a3": "HQI", "brk_diff": 0.000000, "name": "Howland I.", "name_long": "Howland Island", "brk_a3": "HQI", "brk_name": "Howland I.", "brk_group": "", "abbrev": "How. I.", "postal": "HI", "formal_en": "", "formal_fr": "", "note_adm0": "U.S.A.", "note_brk": "", "name_sort": "Howland Island", "name_alt": "", "mapcolor7": 4.000000, "mapcolor8": 5.000000, "mapcolor9": 1.000000, "mapcolor13": 1.000000, "pop_est": -99.000000, "gdp_md_est": -99.000000, "pop_year": -99.000000, "lastcensus": -99.000000, "gdp_year": -99.000000, "economy": "7. Least developed region", "income_grp": "5. Low income", "wikipedia": -99.000000, "fips_10": "", "iso_a2": "-99", "iso_a3": "-99", "iso_n3": "-99", "un_a3": "-099", "wb_a2": "-99", "wb_a3": "-99", "woe_id": -99.000000, "adm0_a3_is": "HQI", "adm0_a3_us": "UMI", "adm0_a3_un": -99.000000, "adm0_a3_wb": -99.000000, "continent": "Oceania", "region_un": "Oceania", "subregion": "Micronesia", "region_wb": "East Asia & Pacific", "name_len": 10.000000, "long_len": 14.000000, "abbrev_len": 7.000000, "tiny": -99.000000, "homepart": -99.000000 }, "geometry": { "type": "Polygon", "coordinates": [ [ [ -176.636179, 0.790188 ], [ -176.640492, 0.801988 ], [ -176.640045, 0.803534 ], [ -176.639638, 0.804958 ], [ -176.639027, 0.806952 ], [ -176.636098, 0.803412 ], [ -176.636179, 0.790188 ] ] ] } }
,
{ "type": "Feature", "properties": { "scalerank": 6, "featurecla": "Admin-0 map subunit", "labelrank": 6.000000, "sovereignt": "United States of America", "sov_a3": "US1", "adm0_dif": 1.000000, "level": 3.000000, "type": "Geo unit", "admin": "United States Minor Outlying Islands", "adm0_a3": "UMI", "geou_dif": 1.000000, "geounit": "Johnston Atoll", "gu_a3": "JQI", "su_dif": 0.000000, "subunit": "Johnston Atoll", "su_a3": "JQI", "brk_diff": 0.000000, "name": "Johnston Atoll", "name_long": "Johnston Atoll", "brk_a3": "JQI", "brk_name": "Johnston Atoll", "brk_group": "", "abbrev": "John. At.", "postal": "JA", "formal_en": "", "formal_fr": "", "note_adm0": "U.S.A.", "note_brk": "", "name_sort": "Johnston Atoll", "name_alt": "", "mapcolor7": 4.000000, "mapcolor8": 5.000000, "mapcolor9": 1.000000, "mapcolor13": 1.000000, "pop_est": -99.000000, "gdp_md_est": -99.000000, "pop_year": -99.000000, "lastcensus": -99.000000, "gdp_year": -99.000000, "economy": "7. Least developed region", "income_grp": "5. Low income", "wikipedia": -99.000000, "fips_10": "", "iso_a2": "-99", "iso_a3": "-99", "iso_n3": "-99", "un_a3": "-099", "wb_a2": "-99", "wb_a3": "-99", "woe_id": -99.000000, "adm0_a3_is": "JQI", "adm0_a3_us": "UMI", "adm0_a3_un": -99.000000, "adm0_a3_wb": -99.000000, "continent": "Oceania", "region_un": "Oceania", "subregion": "Micronesia", "region_wb": "East Asia & Pacific", "name_len": 14.000000, "long_len": 14.000000, "abbrev_len": 9.000000, "tiny": -99.000000, "homepart": -99.000000 }, "geometry": { "type": "MultiPolygon", "coordinates": [ [ [ [ -169.541697, 16.721910 ], [ -169.547353, 16.721015 ], [ -169.549509, 16.723456 ], [ -169.547678, 16.727362 ], [ -169.532338, 16.733059 ], [ -169.522410, 16.732164 ], [ -169.541697, 16.721910 ] ] ], [ [ [ -169.512766, 16.744330 ], [ -169.513661, 16.743964 ], [ -169.513661, 16.745592 ], [ -169.512766, 16.744330 ] ] ], [ [ [ -169.533274, 16.754788 ], [ -169.539174, 16.754462 ], [ -169.537221, 16.756496 ], [ -169.532582, 16.758490 ], [ -169.530263, 16.760199 ], [ -169.520823, 16.762600 ], [ -169.517405, 16.762437 ], [ -169.523508, 16.758490 ], [ -169.528391, 16.756049 ], [ -169.533274, 16.754788 ] ] ] ] } }
,
{ "type": "Feature", "properties": { "scalerank": 3, "featurecla": "Admin-0 map subunit", "labelrank": 6.000000, "sovereignt": "Kiribati", "sov_a3": "KIR", "adm0_dif": 0.000000, "level": 2.000000, "type": "Sovereign country", "admin": "Kiribati", "adm0_a3": "KIR", "geou_dif": 0.000000, "geounit": "Kiribati", "gu_a3": "KIR", "su_dif": 0.000000, "subunit": "Kiribati", "su_a3": "KIR", "brk_diff": 0.000000, "name": "Kiribati", "name_long": "Kiribati", "brk_a3": "KIR", "brk_name": "Kiribati", "brk_group": "", "abbrev": "Kir.", "postal": "KI", "formal_en": "Republic of Kiribati", "formal_fr": "", "note_adm0": "", "note_brk": "", "name_sort": "Kiribati", "name_alt": "", "mapcolor7": 5.000000, "mapcolor8": 7.000000, "mapcolor9": 6.000000, "mapcolor13": 12.000000, "pop_est": 112850.000000, "gdp_md_est": 579.500000, "pop_year": -99.000000, "lastcensus": 2005.000000, "gdp_year": -99.000000, "economy": "7. Least developed region", "income_grp": "4. Lower middle income", "wikipedia": -99.000000, "fips_10": "", "iso_a2": "KI", "iso_a3": "KIR", "iso_n3": "296", "un_a3": "296", "wb_a2": "KI", "wb_a3": "KIR", "woe_id": -99.000000, "adm0_a3_is": "KIR", "adm0_a3_us": "KIR", "adm0_a3_un": -99.000000, "adm0_a3_wb": -99.000000, "continent": "Oceania", "region_un": "Oceania", "subregion": "Micronesia", "region_wb": "East Asia & Pacific", "name_len": 8.000000, "long_len": 8.000000, "abbrev_len": 4.000000, "tiny": 2.000000, "homepart": 1.000000 }, "geometry": { "type": "MultiPolygon", "coordinates": [ [ [ [ -151.780955, -11.454685 ], [ -151.800893, -11.461114 ], [ -151.812489, -11.443536 ], [ -151.819529, -11.420994 ], [ -151.818918, -11.399672 ], [ -151.807729, -11.385919 ], [ -151.797922, -11.401462 ], [ -151.784495, -11.429376 ], [ -151.780955, -11.454685 ] ] ], [ [ [ -155.906809, -5.611993 ], [ -155.899322, -5.616795 ], [ -155.879628, -5.609470 ], [ -155.865061, -5.615167 ], [ -155.859812, -5.625095 ], [ -155.867991, -5.630304 ], [ -155.906443, -5.635349 ], [ -155.922475, -5.629978 ], [ -155.933461, -5.609145 ], [ -155.923899, -5.608087 ], [ -155.914988, -5.609063 ], [ -155.906809, -5.611993 ] ] ], [ [ [ -174.500681, -4.694268 ], [ -174.501536, -4.697361 ], [ -174.512156, -4.691990 ], [ -174.521555, -4.683852 ], [ -174.516713, -4.684259 ], [ -174.506418, -4.689142 ], [ -174.500681, -4.694268 ] ] ], [ [ [ -174.527903, -4.683526 ], [ -174.527659, -4.683852 ], [ -174.533884, -4.680759 ], [ -174.541737, -4.672784 ], [ -174.540110, -4.672052 ], [ -174.535878, -4.677504 ], [ -174.529286, -4.682712 ], [ -174.527903, -4.683526 ] ] ], [ [ [ -174.501536, -4.687677 ], [ -174.500844, -4.691095 ], [ -174.513987, -4.676202 ], [ -174.528269, -4.667413 ], [ -174.538075, -4.665216 ], [ -174.543406, -4.660252 ], [ -174.538401, -4.656508 ], [ -174.524403, -4.664483 ], [ -174.501536, -4.687677 ] ] ], [ [ [ -172.214711, -4.517348 ], [ -172.202016, -4.520685 ], [ -172.187693, -4.518487 ], [ -172.174387, -4.513116 ], [ -172.203440, -4.532159 ], [ -172.227162, -4.518731 ], [ -172.229604, -4.497328 ], [ -172.200470, -4.493422 ], [ -172.201609, -4.496270 ], [ -172.201039, -4.500095 ], [ -172.206858, -4.501072 ], [ -172.222768, -4.506280 ], [ -172.214711, -4.517348 ] ] ], [ [ [ -171.236521, -4.468520 ], [ -171.249582, -4.469822 ], [ -171.259633, -4.465265 ], [ -171.264027, -4.456313 ], [ -171.259958, -4.444106 ], [ -171.259918, -4.444106 ], [ -171.244985, -4.441339 ], [ -171.233876, -4.448989 ], [ -171.230051, -4.460545 ], [ -171.236521, -4.468520 ] ] ], [ [ [ -154.953359, -4.094822 ], [ -154.964792, -4.094985 ], [ -154.977528, -4.078709 ], [ -154.990915, -4.074314 ], [ -154.998484, -4.070001 ], [ -155.010813, -4.060642 ], [ -155.018422, -4.051202 ], [ -155.011708, -4.047052 ], [ -154.962270, -4.032159 ], [ -154.940297, -4.031996 ], [ -154.946604, -4.053155 ], [ -154.953603, -4.060724 ], [ -154.958567, -4.071222 ], [ -154.959218, -4.083185 ], [ -154.953359, -4.094822 ] ] ], [ [ [ -171.087270, -3.143162 ], [ -171.092478, -3.145440 ], [ -171.093577, -3.131443 ], [ -171.090037, -3.120864 ], [ -171.085439, -3.111261 ], [ -171.083119, -3.129978 ], [ -171.087270, -3.143162 ] ] ], [ [ [ -171.715077, -2.759047 ], [ -171.680287, -2.775811 ], [ -171.649851, -2.797296 ], [ -171.629628, -2.827244 ], [ -171.625681, -2.847182 ], [ -171.624460, -2.856134 ], [ -171.625722, -2.868910 ], [ -171.639353, -2.862074 ], [ -171.648427, -2.849786 ], [ -171.660105, -2.840509 ], [ -171.674143, -2.834161 ], [ -171.677805, -2.833185 ], [ -171.707875, -2.825128 ], [ -171.712107, -2.823012 ], [ -171.712717, -2.822198 ], [ -171.693186, -2.828302 ], [ -171.664011, -2.835382 ], [ -171.658070, -2.838556 ], [ -171.652821, -2.843194 ], [ -171.651601, -2.844578 ], [ -171.633249, -2.862074 ], [ -171.633127, -2.862074 ], [ -171.630808, -2.858575 ], [ -171.629750, -2.857599 ], [ -171.628489, -2.857029 ], [ -171.626943, -2.855727 ], [ -171.627309, -2.851902 ], [ -171.653879, -2.805922 ], [ -171.666656, -2.793145 ], [ -171.666697, -2.793145 ], [ -171.678700, -2.784926 ], [ -171.697458, -2.775323 ], [ -171.714589, -2.772882 ], [ -171.721913, -2.786310 ], [ -171.727854, -2.778416 ], [ -171.727610, -2.771905 ], [ -171.722768, -2.765802 ], [ -171.715077, -2.759047 ] ] ], [ [ [ 176.850922, -2.654067 ], [ 176.840668, -2.662774 ], [ 176.827322, -2.656183 ], [ 176.772309, -2.608168 ], [ 176.778982, -2.605157 ], [ 176.782237, -2.604913 ], [ 176.786143, -2.608168 ], [ 176.813162, -2.614435 ], [ 176.838227, -2.633884 ], [ 176.850922, -2.654067 ] ] ], [ [ [ 175.993175, -2.510349 ], [ 175.989431, -2.510919 ], [ 175.986990, -2.509861 ], [ 175.984711, -2.507908 ], [ 175.981700, -2.505955 ], [ 175.976817, -2.497817 ], [ 175.973155, -2.489679 ], [ 175.979991, -2.493585 ], [ 175.985118, -2.498305 ], [ 175.989268, -2.503839 ], [ 175.993175, -2.510349 ] ] ], [ [ [ 175.599946, -1.895115 ], [ 175.586274, -1.922459 ], [ 175.583263, -1.911065 ], [ 175.586274, -1.870782 ], [ 175.576182, -1.856052 ], [ 175.559093, -1.832289 ], [ 175.552257, -1.819268 ], [ 175.559581, -1.826104 ], [ 175.591482, -1.874200 ], [ 175.599946, -1.895115 ] ] ], [ [ [ 175.060557, -1.531671 ], [ 175.038259, -1.552423 ], [ 175.012543, -1.549249 ], [ 175.008474, -1.526788 ], [ 175.020844, -1.499933 ], [ 175.045095, -1.484145 ], [ 175.045095, -1.490981 ], [ 175.036143, -1.497166 ], [ 175.025890, -1.507257 ], [ 175.018565, -1.519627 ], [ 175.018321, -1.531915 ], [ 175.028005, -1.541192 ], [ 175.037852, -1.535252 ], [ 175.045665, -1.524184 ], [ 175.048839, -1.518243 ], [ 175.058279, -1.506768 ], [ 175.058849, -1.480564 ], [ 175.051768, -1.452732 ], [ 175.038259, -1.436293 ], [ 175.045095, -1.428888 ], [ 175.048106, -1.432794 ], [ 175.051117, -1.434503 ], [ 175.058767, -1.436293 ], [ 175.066661, -1.461033 ], [ 175.068614, -1.497003 ], [ 175.060557, -1.531671 ] ] ], [ [ [ 176.459321, -1.405857 ], [ 176.464041, -1.436293 ], [ 176.449880, -1.425388 ], [ 176.442149, -1.408787 ], [ 176.436778, -1.390395 ], [ 176.429861, -1.374282 ], [ 176.410330, -1.350356 ], [ 176.401134, -1.336358 ], [ 176.395681, -1.319594 ], [ 176.402354, -1.320489 ], [ 176.405447, -1.323500 ], [ 176.409353, -1.332696 ], [ 176.426443, -1.347101 ], [ 176.444835, -1.373793 ], [ 176.459321, -1.405857 ] ] ], [ [ [ 175.977306, -1.284845 ], [ 175.989268, -1.306817 ], [ 176.009288, -1.334242 ], [ 176.023448, -1.362888 ], [ 176.018321, -1.387872 ], [ 176.011974, -1.381280 ], [ 176.002778, -1.375584 ], [ 175.983572, -1.367446 ], [ 175.983572, -1.360610 ], [ 175.993175, -1.362563 ], [ 176.018321, -1.374282 ], [ 176.014903, -1.356541 ], [ 176.006358, -1.342706 ], [ 175.983572, -1.319594 ], [ 175.965831, -1.295180 ], [ 175.955903, -1.286554 ], [ 175.943126, -1.284845 ], [ 175.944347, -1.289321 ], [ 175.945567, -1.292169 ], [ 175.949392, -1.298517 ], [ 175.937022, -1.293064 ], [ 175.942149, -1.284845 ], [ 175.958018, -1.280206 ], [ 175.977306, -1.284845 ] ] ], [ [ [ 174.772716, -1.247735 ], [ 174.778819, -1.264418 ], [ 174.755870, -1.257501 ], [ 174.748302, -1.237481 ], [ 174.750743, -1.199477 ], [ 174.746755, -1.185968 ], [ 174.716645, -1.134698 ], [ 174.725352, -1.135512 ], [ 174.731619, -1.137953 ], [ 174.737478, -1.142267 ], [ 174.743988, -1.148370 ], [ 174.747569, -1.166111 ], [ 174.765147, -1.202895 ], [ 174.772716, -1.247735 ] ] ], [ [ [ 169.554454, -0.869317 ], [ 169.553477, -0.872247 ], [ 169.552501, -0.873793 ], [ 169.550548, -0.875584 ], [ 169.548106, -0.876886 ], [ 169.545258, -0.877211 ], [ 169.543142, -0.878025 ], [ 169.541270, -0.877618 ], [ 169.540050, -0.876642 ], [ 169.538910, -0.874607 ], [ 169.535492, -0.872003 ], [ 169.533702, -0.871515 ], [ 169.530284, -0.871515 ], [ 169.527599, -0.872491 ], [ 169.525076, -0.870864 ], [ 169.523204, -0.868259 ], [ 169.522146, -0.865004 ], [ 169.522634, -0.860528 ], [ 169.522960, -0.859308 ], [ 169.523774, -0.856622 ], [ 169.524750, -0.854669 ], [ 169.525076, -0.853774 ], [ 169.527599, -0.850844 ], [ 169.532481, -0.849542 ], [ 169.536388, -0.847914 ], [ 169.540701, -0.847914 ], [ 169.545177, -0.847914 ], [ 169.549083, -0.851821 ], [ 169.552257, -0.854181 ], [ 169.554454, -0.856052 ], [ 169.555919, -0.859145 ], [ 169.555919, -0.859796 ], [ 169.555675, -0.860772 ], [ 169.555349, -0.863377 ], [ 169.555349, -0.866143 ], [ 169.554454, -0.869317 ] ] ], [ [ [ 174.497325, -0.805108 ], [ 174.483409, -0.819431 ], [ 174.473888, -0.812758 ], [ 174.469737, -0.806736 ], [ 174.472341, -0.801853 ], [ 174.483409, -0.798923 ], [ 174.481130, -0.804620 ], [ 174.480805, -0.805759 ], [ 174.481944, -0.806817 ], [ 174.483409, -0.812595 ], [ 174.497569, -0.796889 ], [ 174.497732, -0.796319 ], [ 174.497732, -0.794773 ], [ 174.493907, -0.775486 ], [ 174.476573, -0.740330 ], [ 174.462901, -0.648126 ], [ 174.476573, -0.669122 ], [ 174.476573, -0.709568 ], [ 174.479340, -0.720392 ], [ 174.490733, -0.747166 ], [ 174.498383, -0.789158 ], [ 174.497976, -0.795831 ], [ 174.497895, -0.796482 ], [ 174.497325, -0.805108 ] ] ], [ [ [ 174.463634, -0.644789 ], [ 174.452647, -0.648126 ], [ 174.437185, -0.640802 ], [ 174.391612, -0.605645 ], [ 174.380870, -0.592869 ], [ 174.393891, -0.592869 ], [ 174.402599, -0.602227 ], [ 174.429942, -0.623468 ], [ 174.438731, -0.627618 ], [ 174.447113, -0.630792 ], [ 174.458669, -0.637872 ], [ 174.463634, -0.644789 ] ] ], [ [ [ 173.637543, 0.176500 ], [ 173.620616, 0.133368 ], [ 173.609874, 0.143052 ], [ 173.614513, 0.155097 ], [ 173.634125, 0.174018 ], [ 173.638357, 0.195217 ], [ 173.633800, 0.200873 ], [ 173.623302, 0.207994 ], [ 173.606212, 0.215969 ], [ 173.628673, 0.219143 ], [ 173.636485, 0.216742 ], [ 173.641124, 0.208441 ], [ 173.641368, 0.200019 ], [ 173.640798, 0.192125 ], [ 173.637543, 0.176500 ] ] ], [ [ [ 173.832286, 0.448676 ], [ 173.890880, 0.418402 ], [ 173.917247, 0.399482 ], [ 173.921641, 0.379788 ], [ 173.867686, 0.419582 ], [ 173.832042, 0.436347 ], [ 173.804942, 0.434394 ], [ 173.808767, 0.441596 ], [ 173.813243, 0.446926 ], [ 173.818614, 0.451321 ], [ 173.825450, 0.455512 ], [ 173.832286, 0.448676 ] ] ], [ [ [ 172.989757, 0.828030 ], [ 172.990001, 0.825426 ], [ 172.986339, 0.829169 ], [ 172.983409, 0.831285 ], [ 172.987153, 0.832343 ], [ 172.988943, 0.833197 ], [ 172.990245, 0.833970 ], [ 172.990001, 0.830268 ], [ 172.989757, 0.828030 ] ] ], [ [ [ 172.982432, 0.831163 ], [ 172.979340, 0.830756 ], [ 172.975352, 0.831692 ], [ 172.972179, 0.834540 ], [ 172.969412, 0.839667 ], [ 172.975759, 0.839667 ], [ 172.977794, 0.836330 ], [ 172.979503, 0.834215 ], [ 172.982432, 0.831163 ] ] ], [ [ [ 173.014659, 1.008857 ], [ 173.064952, 0.976264 ], [ 173.075938, 0.965888 ], [ 173.079926, 0.960395 ], [ 173.079275, 0.945217 ], [ 173.061209, 0.914211 ], [ 173.049815, 0.904202 ], [ 173.011241, 0.854153 ], [ 172.990977, 0.834418 ], [ 172.996593, 0.845038 ], [ 173.013682, 0.860338 ], [ 173.022716, 0.882717 ], [ 173.046641, 0.901516 ], [ 173.055919, 0.927720 ], [ 173.064138, 0.938300 ], [ 173.071300, 0.949897 ], [ 173.071788, 0.962592 ], [ 173.062266, 0.975165 ], [ 173.044932, 0.987779 ], [ 173.025564, 0.998033 ], [ 173.009776, 1.003607 ], [ 173.009532, 1.000230 ], [ 173.009776, 0.989936 ], [ 173.003673, 0.989936 ], [ 173.003429, 1.001410 ], [ 173.000499, 1.010647 ], [ 172.995616, 1.018052 ], [ 172.990001, 1.024075 ], [ 173.003673, 1.024075 ], [ 173.014659, 1.008857 ] ] ], [ [ [ 173.171397, 1.362372 ], [ 173.162934, 1.356513 ], [ 173.150645, 1.356431 ], [ 173.126475, 1.361070 ], [ 173.104503, 1.361965 ], [ 173.078624, 1.360012 ], [ 173.054454, 1.353583 ], [ 173.038259, 1.341051 ], [ 173.024425, 1.336615 ], [ 173.018077, 1.335924 ], [ 173.011241, 1.337348 ], [ 173.059581, 1.359768 ], [ 173.084727, 1.366685 ], [ 173.151541, 1.371812 ], [ 173.160655, 1.374945 ], [ 173.143321, 1.380316 ], [ 173.153168, 1.386542 ], [ 173.164317, 1.383246 ], [ 173.171723, 1.374172 ], [ 173.171397, 1.362372 ] ] ], [ [ [ 172.983165, 1.531195 ], [ 172.978282, 1.531195 ], [ 172.975352, 1.532945 ], [ 172.972992, 1.535590 ], [ 172.969412, 1.537991 ], [ 172.963145, 1.560248 ], [ 172.959158, 1.609687 ], [ 172.948985, 1.627346 ], [ 172.962901, 1.620592 ], [ 172.972341, 1.590237 ], [ 172.983165, 1.531195 ] ] ], [ [ [ 173.029307, 1.716295 ], [ 173.003673, 1.709296 ], [ 172.996349, 1.710679 ], [ 172.993175, 1.712063 ], [ 172.990001, 1.715522 ], [ 173.023774, 1.721096 ], [ 173.035492, 1.743557 ], [ 173.033376, 1.774319 ], [ 173.024669, 1.804877 ], [ 173.025890, 1.806138 ], [ 173.026622, 1.807522 ], [ 173.027110, 1.808905 ], [ 173.027354, 1.810452 ], [ 173.036143, 1.777167 ], [ 173.038341, 1.742377 ], [ 173.029307, 1.716295 ] ] ], [ [ [ 173.020274, 1.828070 ], [ 173.023448, 1.821438 ], [ 172.975759, 1.873765 ], [ 172.961436, 1.899644 ], [ 172.955089, 1.907945 ], [ 172.938487, 1.923163 ], [ 172.933604, 1.931464 ], [ 172.934744, 1.942694 ], [ 172.941742, 1.926947 ], [ 172.969412, 1.907050 ], [ 172.975759, 1.897650 ], [ 172.980317, 1.882025 ], [ 173.020274, 1.828070 ] ] ], [ [ [ -157.423818, 2.020453 ], [ -157.385854, 1.990465 ], [ -157.321848, 1.972113 ], [ -157.310129, 1.973090 ], [ -157.311391, 1.962592 ], [ -157.315053, 1.952786 ], [ -157.320668, 1.945502 ], [ -157.336171, 1.939114 ], [ -157.340443, 1.930243 ], [ -157.344919, 1.907945 ], [ -157.347727, 1.860785 ], [ -157.325429, 1.835842 ], [ -157.289784, 1.818752 ], [ -157.252431, 1.795315 ], [ -157.238393, 1.783637 ], [ -157.222971, 1.773586 ], [ -157.206899, 1.766547 ], [ -157.190989, 1.763902 ], [ -157.179392, 1.753892 ], [ -157.174631, 1.733791 ], [ -157.178782, 1.718492 ], [ -157.194081, 1.722968 ], [ -157.203074, 1.717475 ], [ -157.213246, 1.712795 ], [ -157.224110, 1.709703 ], [ -157.235056, 1.709296 ], [ -157.246409, 1.713324 ], [ -157.254628, 1.720282 ], [ -157.260854, 1.726874 ], [ -157.271189, 1.732978 ], [ -157.281565, 1.747056 ], [ -157.286855, 1.750230 ], [ -157.309275, 1.751899 ], [ -157.410593, 1.781928 ], [ -157.448964, 1.800238 ], [ -157.482655, 1.825385 ], [ -157.508616, 1.849595 ], [ -157.528269, 1.862494 ], [ -157.537302, 1.856676 ], [ -157.546824, 1.856431 ], [ -157.566029, 1.863756 ], [ -157.581166, 1.880316 ], [ -157.578236, 1.907945 ], [ -157.572336, 1.912787 ], [ -157.543528, 1.929023 ], [ -157.530141, 1.930569 ], [ -157.521230, 1.927680 ], [ -157.517568, 1.923651 ], [ -157.519887, 1.921576 ], [ -157.532826, 1.916083 ], [ -157.545359, 1.902330 ], [ -157.549509, 1.884467 ], [ -157.537302, 1.866360 ], [ -157.526926, 1.864814 ], [ -157.513051, 1.866604 ], [ -157.500925, 1.865871 ], [ -157.495717, 1.856676 ], [ -157.490671, 1.850165 ], [ -157.478831, 1.847968 ], [ -157.454783, 1.847073 ], [ -157.434682, 1.838528 ], [ -157.428538, 1.838568 ], [ -157.437367, 1.850165 ], [ -157.447947, 1.857489 ], [ -157.458608, 1.862128 ], [ -157.468088, 1.868354 ], [ -157.475209, 1.880601 ], [ -157.462351, 1.876288 ], [ -157.451650, 1.876410 ], [ -157.445790, 1.883734 ], [ -157.447336, 1.901109 ], [ -157.436594, 1.893866 ], [ -157.432485, 1.883734 ], [ -157.430002, 1.872789 ], [ -157.423695, 1.863227 ], [ -157.411977, 1.858466 ], [ -157.407948, 1.866156 ], [ -157.410024, 1.879381 ], [ -157.424428, 1.901842 ], [ -157.426381, 1.912055 ], [ -157.424387, 1.921210 ], [ -157.419993, 1.929023 ], [ -157.408315, 1.921454 ], [ -157.403147, 1.924221 ], [ -157.406321, 1.942694 ], [ -157.394724, 1.935736 ], [ -157.393992, 1.926744 ], [ -157.395863, 1.916978 ], [ -157.392079, 1.907945 ], [ -157.382069, 1.902167 ], [ -157.377187, 1.905260 ], [ -157.373972, 1.911363 ], [ -157.363840, 1.917385 ], [ -157.358469, 1.923896 ], [ -157.354115, 1.931830 ], [ -157.352366, 1.938951 ], [ -157.355051, 1.947659 ], [ -157.361684, 1.951483 ], [ -157.379628, 1.955715 ], [ -157.408884, 1.969306 ], [ -157.445302, 1.994371 ], [ -157.451039, 1.997301 ], [ -157.455393, 2.002997 ], [ -157.466298, 2.013332 ], [ -157.477528, 2.018134 ], [ -157.482655, 2.007229 ], [ -157.487904, 2.000556 ], [ -157.498891, 2.002183 ], [ -157.508412, 2.010688 ], [ -157.509389, 2.024604 ], [ -157.496287, 2.034410 ], [ -157.474599, 2.033352 ], [ -157.423818, 2.020453 ] ] ], [ [ [ 173.289073, 2.050360 ], [ 173.293468, 2.043443 ], [ 173.293712, 2.042304 ], [ 173.295909, 2.033637 ], [ 173.298350, 2.013983 ], [ 173.305431, 1.993313 ], [ 173.309418, 1.984320 ], [ 173.312511, 1.982082 ], [ 173.315684, 1.979967 ], [ 173.318370, 1.976996 ], [ 173.318044, 1.974026 ], [ 173.317882, 1.970771 ], [ 173.315929, 1.967760 ], [ 173.312999, 1.965522 ], [ 173.310720, 1.964179 ], [ 173.308849, 1.963121 ], [ 173.304454, 1.961575 ], [ 173.297374, 1.961575 ], [ 173.284841, 1.963772 ], [ 173.269216, 1.967719 ], [ 173.260265, 1.971137 ], [ 173.257498, 1.974595 ], [ 173.255870, 1.985663 ], [ 173.256196, 1.989976 ], [ 173.258474, 1.992825 ], [ 173.261485, 1.993232 ], [ 173.263031, 1.991400 ], [ 173.263927, 1.988471 ], [ 173.263520, 1.983588 ], [ 173.263927, 1.978013 ], [ 173.271658, 1.974840 ], [ 173.289317, 1.970038 ], [ 173.293712, 1.969143 ], [ 173.301524, 1.968695 ], [ 173.304698, 1.969550 ], [ 173.305919, 1.969875 ], [ 173.307872, 1.973293 ], [ 173.306814, 1.976467 ], [ 173.305919, 1.980699 ], [ 173.300792, 1.985663 ], [ 173.297374, 1.989895 ], [ 173.297618, 1.991441 ], [ 173.296723, 1.993720 ], [ 173.296153, 1.997016 ], [ 173.293712, 2.005439 ], [ 173.291515, 2.015123 ], [ 173.291840, 2.019477 ], [ 173.291515, 2.026679 ], [ 173.289724, 2.033840 ], [ 173.287120, 2.038560 ], [ 173.284679, 2.040269 ], [ 173.281586, 2.041815 ], [ 173.277029, 2.044379 ], [ 173.270518, 2.045559 ], [ 173.266124, 2.043850 ], [ 173.264659, 2.036770 ], [ 173.266938, 2.020413 ], [ 173.268565, 2.011420 ], [ 173.266775, 2.004299 ], [ 173.262706, 1.997463 ], [ 173.257823, 1.997016 ], [ 173.258067, 1.997626 ], [ 173.259288, 2.000881 ], [ 173.260265, 2.007229 ], [ 173.260509, 2.012844 ], [ 173.260020, 2.018785 ], [ 173.257498, 2.028469 ], [ 173.258067, 2.034003 ], [ 173.259613, 2.043402 ], [ 173.262055, 2.049872 ], [ 173.264659, 2.055162 ], [ 173.268565, 2.059312 ], [ 173.273611, 2.059556 ], [ 173.278005, 2.058661 ], [ 173.282888, 2.056342 ], [ 173.289073, 2.050360 ] ] ], [ [ [ 172.885753, 3.061916 ], [ 172.880138, 3.052476 ], [ 172.844412, 3.059801 ], [ 172.812266, 3.040473 ], [ 172.786469, 3.016913 ], [ 172.770274, 3.011461 ], [ 172.763357, 3.014594 ], [ 172.757579, 3.019029 ], [ 172.753429, 3.024807 ], [ 172.750336, 3.031968 ], [ 172.771495, 3.023871 ], [ 172.788259, 3.029039 ], [ 172.802257, 3.041693 ], [ 172.814626, 3.056220 ], [ 172.829112, 3.064276 ], [ 172.868012, 3.067776 ], [ 172.886974, 3.072943 ], [ 172.886892, 3.066392 ], [ 172.885753, 3.061916 ] ] ], [ [ [ 172.899750, 3.100246 ], [ 172.886974, 3.100246 ], [ 172.944184, 3.127387 ], [ 172.962087, 3.141832 ], [ 172.967052, 3.135403 ], [ 172.968272, 3.132392 ], [ 172.969412, 3.128160 ], [ 172.947032, 3.123033 ], [ 172.899750, 3.100246 ] ] ], [ [ [ -159.342275, 3.925767 ], [ -159.331370, 3.910712 ], [ -159.326772, 3.901190 ], [ -159.324900, 3.891669 ], [ -159.319895, 3.879096 ], [ -159.308095, 3.876451 ], [ -159.294667, 3.877265 ], [ -159.284535, 3.874823 ], [ -159.277903, 3.866441 ], [ -159.266428, 3.845364 ], [ -159.253285, 3.828681 ], [ -159.249989, 3.819770 ], [ -159.252634, 3.810045 ], [ -159.263417, 3.799140 ], [ -159.283762, 3.790188 ], [ -159.308705, 3.784654 ], [ -159.333445, 3.786444 ], [ -159.352854, 3.799140 ], [ -159.360789, 3.819403 ], [ -159.342763, 3.819566 ], [ -159.294789, 3.805976 ], [ -159.285227, 3.811428 ], [ -159.283884, 3.823920 ], [ -159.287180, 3.837836 ], [ -159.291371, 3.847602 ], [ -159.299672, 3.854641 ], [ -159.325144, 3.865302 ], [ -159.335439, 3.871487 ], [ -159.342030, 3.881496 ], [ -159.347849, 3.902777 ], [ -159.352854, 3.909003 ], [ -159.366160, 3.911444 ], [ -159.378245, 3.907172 ], [ -159.387888, 3.898749 ], [ -159.393788, 3.888577 ], [ -159.367136, 3.840155 ], [ -159.410024, 3.862047 ], [ -159.406321, 3.902574 ], [ -159.376820, 3.933295 ], [ -159.342275, 3.925767 ] ] ], [ [ [ -160.382761, 4.706977 ], [ -160.395375, 4.704779 ], [ -160.410390, 4.709174 ], [ -160.416615, 4.717108 ], [ -160.411814, 4.721625 ], [ -160.401194, 4.723090 ], [ -160.390004, 4.721015 ], [ -160.378896, 4.713284 ], [ -160.382761, 4.706977 ] ] ] ] } }
,
{ "type": "Feature", "properties": { "scalerank": 5, "featurecla": "Admin-0 map subunit", "labelrank": 6.000000, "sovereignt": "Marshall Islands", "sov_a3": "MHL", "adm0_dif": 0.000000, "level": 2.000000, "type": "Sovereign country", "admin": "Marshall Islands", "adm0_a3": "MHL", "geou_dif": 0.000000, "geounit": "Marshall Islands", "gu_a3": "MHL", "su_dif": 0.000000, "subunit": "Marshall Islands", "su_a3": "MHL", "brk_diff": 0.000000, "name": "Marshall Is.", "name_long": "Marshall Islands", "brk_a3": "MHL", "brk_name": "Marshall Is.", "brk_group": "", "abbrev": "M. Is.", "postal": "MH", "formal_en": "Republic of the Marshall Islands", "formal_fr": "", "note_adm0": "", "note_brk": "", "name_sort": "Marshall Islands", "name_alt": "", "mapcolor7": 2.000000, "mapcolor8": 5.000000, "mapcolor9": 5.000000, "mapcolor13": 3.000000, "pop_est": 64522.000000, "gdp_md_est": 133.500000, "pop_year": -99.000000, "lastcensus": 2011.000000, "gdp_year": -99.000000, "economy": "6. Developing region", "income_grp": "4. Lower middle income", "wikipedia": -99.000000, "fips_10": "", "iso_a2": "MH", "iso_a3": "MHL", "iso_n3": "584", "un_a3": "584", "wb_a2": "MH", "wb_a3": "MHL", "woe_id": -99.000000, "adm0_a3_is": "MHL", "adm0_a3_us": "MHL", "adm0_a3_un": -99.000000, "adm0_a3_wb": -99.000000, "continent": "Oceania", "region_un": "Oceania", "subregion": "Micronesia", "region_wb": "East Asia & Pacific", "name_len": 12.000000, "long_len": 16.000000, "abbrev_len": 6.000000, "tiny": 2.000000, "homepart": 1.000000 }, "geometry": { "type": "MultiPolygon", "coordinates": [ [ [ [ 168.716807, 4.574774 ], [ 168.685395, 4.573798 ], [ 168.735037, 4.590522 ], [ 168.744314, 4.598619 ], [ 168.768077, 4.629055 ], [ 168.758474, 4.604641 ], [ 168.741384, 4.585842 ], [ 168.716807, 4.574774 ] ] ], [ [ [ 168.127940, 5.601630 ], [ 168.116222, 5.591376 ], [ 168.101085, 5.599311 ], [ 168.101329, 5.599595 ], [ 168.107270, 5.597235 ], [ 168.115245, 5.595404 ], [ 168.121104, 5.597357 ], [ 168.125662, 5.605699 ], [ 168.127615, 5.614244 ], [ 168.127289, 5.622789 ], [ 168.124522, 5.631049 ], [ 168.132009, 5.618557 ], [ 168.127940, 5.601630 ] ] ], [ [ [ 169.120616, 5.647406 ], [ 169.114513, 5.638129 ], [ 169.116466, 5.649237 ], [ 169.120616, 5.647406 ] ] ], [ [ [ 169.635020, 5.829047 ], [ 169.615245, 5.798774 ], [ 169.590343, 5.800930 ], [ 169.610118, 5.811916 ], [ 169.617524, 5.818264 ], [ 169.623546, 5.827297 ], [ 169.629649, 5.840155 ], [ 169.638682, 5.870347 ], [ 169.645193, 5.917141 ], [ 169.655528, 5.942857 ], [ 169.676036, 5.961005 ], [ 169.700206, 5.976020 ], [ 169.718598, 5.993109 ], [ 169.734548, 6.013129 ], [ 169.721446, 5.976630 ], [ 169.665212, 5.938788 ], [ 169.652517, 5.899848 ], [ 169.647797, 5.870022 ], [ 169.635020, 5.829047 ] ] ], [ [ [ 171.996104, 6.060981 ], [ 172.029796, 6.054145 ], [ 172.008311, 6.056220 ], [ 171.984141, 6.051703 ], [ 171.962413, 6.051825 ], [ 171.948416, 6.067776 ], [ 171.950531, 6.066596 ], [ 171.956798, 6.064154 ], [ 171.966482, 6.061998 ], [ 171.996104, 6.060981 ] ] ], [ [ [ 171.743175, 6.083197 ], [ 171.745128, 6.079128 ], [ 171.738455, 6.079169 ], [ 171.728201, 6.079291 ], [ 171.722830, 6.083441 ], [ 171.721690, 6.090969 ], [ 171.724620, 6.101711 ], [ 171.728526, 6.097642 ], [ 171.732432, 6.092108 ], [ 171.743175, 6.083197 ] ] ], [ [ [ 171.597992, 7.024726 ], [ 171.611176, 7.019924 ], [ 171.676117, 7.022854 ], [ 171.689464, 7.019924 ], [ 171.734060, 6.984687 ], [ 171.756684, 6.972113 ], [ 171.730317, 6.975572 ], [ 171.688731, 7.006578 ], [ 171.660411, 7.013088 ], [ 171.613943, 7.006090 ], [ 171.592621, 7.015286 ], [ 171.577322, 7.047187 ], [ 171.587250, 7.034084 ], [ 171.597992, 7.024726 ] ] ], [ [ [ 171.775890, 7.028144 ], [ 171.764171, 7.019517 ], [ 171.770193, 7.028876 ], [ 171.792247, 7.054999 ], [ 171.794444, 7.057766 ], [ 171.795909, 7.060207 ], [ 171.797862, 7.061916 ], [ 171.800955, 7.062690 ], [ 171.794444, 7.049750 ], [ 171.785981, 7.038235 ], [ 171.775890, 7.028144 ] ] ], [ [ [ 171.908946, 7.092271 ], [ 171.892100, 7.090806 ], [ 171.896007, 7.093899 ], [ 171.900238, 7.095771 ], [ 171.909679, 7.098782 ], [ 171.917735, 7.105129 ], [ 171.921886, 7.111762 ], [ 171.921235, 7.118476 ], [ 171.915375, 7.125149 ], [ 171.928884, 7.118313 ], [ 171.923839, 7.104397 ], [ 171.908946, 7.092271 ] ] ], [ [ [ 171.057140, 7.143459 ], [ 171.226410, 7.075751 ], [ 171.237478, 7.075914 ], [ 171.263357, 7.080797 ], [ 171.284841, 7.088324 ], [ 171.393565, 7.109931 ], [ 171.366873, 7.094468 ], [ 171.293468, 7.083686 ], [ 171.263194, 7.067694 ], [ 171.235199, 7.067694 ], [ 171.202159, 7.072455 ], [ 171.060883, 7.135403 ], [ 171.035655, 7.155097 ], [ 171.050304, 7.170722 ], [ 171.050548, 7.161038 ], [ 171.052257, 7.154853 ], [ 171.057140, 7.143459 ] ] ], [ [ [ 168.738292, 7.309068 ], [ 168.757823, 7.307929 ], [ 168.830089, 7.307929 ], [ 168.815278, 7.292467 ], [ 168.791515, 7.293402 ], [ 168.746104, 7.304185 ], [ 168.695811, 7.313381 ], [ 168.675059, 7.320868 ], [ 168.679210, 7.335191 ], [ 168.694021, 7.321763 ], [ 168.716319, 7.315375 ], [ 168.738292, 7.309068 ] ] ], [ [ [ 168.572520, 7.417792 ], [ 168.576834, 7.404120 ], [ 168.563975, 7.412746 ], [ 168.555186, 7.430325 ], [ 168.553722, 7.449856 ], [ 168.562511, 7.464342 ], [ 168.566417, 7.450995 ], [ 168.572520, 7.417792 ] ] ], [ [ [ 168.969249, 7.578681 ], [ 168.968598, 7.571234 ], [ 168.965587, 7.574652 ], [ 168.967621, 7.580634 ], [ 168.968110, 7.584499 ], [ 168.962087, 7.591702 ], [ 168.951345, 7.595689 ], [ 168.938487, 7.596381 ], [ 168.944102, 7.598090 ], [ 168.951834, 7.599189 ], [ 168.959646, 7.598578 ], [ 168.965587, 7.595364 ], [ 168.969249, 7.586737 ], [ 168.969737, 7.583889 ], [ 168.969249, 7.578681 ] ] ], [ [ [ 167.401703, 8.317816 ], [ 167.407725, 8.307278 ], [ 167.399669, 8.310777 ], [ 167.401703, 8.317816 ] ] ], [ [ [ 167.740001, 8.733222 ], [ 167.731619, 8.724595 ], [ 167.730724, 8.730373 ], [ 167.730317, 8.735256 ], [ 167.733084, 8.739691 ], [ 167.740245, 8.743842 ], [ 167.741547, 8.737698 ], [ 167.740001, 8.733222 ] ] ], [ [ [ 170.851736, 8.897773 ], [ 170.844737, 8.886501 ], [ 170.839122, 8.888170 ], [ 170.838552, 8.888373 ], [ 170.837901, 8.888658 ], [ 170.837413, 8.889065 ], [ 170.837169, 8.889594 ], [ 170.841319, 8.898586 ], [ 170.844574, 8.900784 ], [ 170.850108, 8.901435 ], [ 170.851736, 8.897773 ] ] ], [ [ [ 170.247081, 9.457750 ], [ 170.240245, 9.449774 ], [ 170.238780, 9.466702 ], [ 170.243907, 9.466376 ], [ 170.247081, 9.457750 ] ] ], [ [ [ 170.878754, 10.275092 ], [ 170.874685, 10.274604 ], [ 170.874522, 10.286607 ], [ 170.878591, 10.287177 ], [ 170.878754, 10.275092 ] ] ], [ [ [ 166.894216, 11.155178 ], [ 166.875255, 11.144965 ], [ 166.853363, 11.145413 ], [ 166.835785, 11.159247 ], [ 166.871837, 11.162299 ], [ 166.904145, 11.172919 ], [ 166.894216, 11.155178 ] ] ], [ [ [ 165.550629, 11.626939 ], [ 165.553722, 11.619818 ], [ 165.540212, 11.633775 ], [ 165.542817, 11.633002 ], [ 165.546886, 11.631008 ], [ 165.550629, 11.626939 ] ] ], [ [ [ 165.288910, 11.705959 ], [ 165.282237, 11.695787 ], [ 165.282237, 11.708441 ], [ 165.286794, 11.710883 ], [ 165.288910, 11.705959 ] ] ], [ [ [ 168.996918, 14.593085 ], [ 168.987315, 14.586859 ], [ 168.998302, 14.599026 ], [ 169.010753, 14.610175 ], [ 169.013682, 14.610500 ], [ 169.007335, 14.602769 ], [ 168.996918, 14.593085 ] ] ] ] } }
,
{ "type": "Feature", "properties": { "scalerank": 5, "featurecla": "Admin-0 map subunit", "labelrank": 6.000000, "sovereignt": "United States of America", "sov_a3": "US1", "adm0_dif": 1.000000, "level": 2.000000, "type": "Dependency", "admin": "Northern Mariana Islands", "adm0_a3": "MNP", "geou_dif": 0.000000, "geounit": "Northern Mariana Islands", "gu_a3": "MNP", "su_dif": 0.000000, "subunit": "Northern Mariana Islands", "su_a3": "MNP", "brk_diff": 0.000000, "name": "N. Mariana Is.", "name_long": "Northern Mariana Islands", "brk_a3": "MNP", "brk_name": "N. Mariana Is.", "brk_group": "", "abbrev": "N.M.I.", "postal": "MP", "formal_en": "Commonwealth of the Northern Mariana Islands", "formal_fr": "", "note_adm0": "Commonwealth of U.S.A.", "note_brk": "", "name_sort": "Northern Mariana Islands", "name_alt": "", "mapcolor7": 4.000000, "mapcolor8": 5.000000, "mapcolor9": 1.000000, "mapcolor13": 1.000000, "pop_est": 88662.000000, "gdp_md_est": 900.000000, "pop_year": -99.000000, "lastcensus": 2010.000000, "gdp_year": -99.000000, "economy": "6. Developing region", "income_grp": "2. High income: nonOECD", "wikipedia": -99.000000, "fips_10": "", "iso_a2": "MP", "iso_a3": "MNP", "iso_n3": "580", "un_a3": "580", "wb_a2": "MP", "wb_a3": "MNP", "woe_id": -99.000000, "adm0_a3_is": "MNP", "adm0_a3_us": "MNP", "adm0_a3_un": -99.000000, "adm0_a3_wb": -99.000000, "continent": "Oceania", "region_un": "Oceania", "subregion": "Micronesia", "region_wb": "East Asia & Pacific", "name_len": 14.000000, "long_len": 24.000000, "abbrev_len": 6.000000, "tiny": 3.000000, "homepart": -99.000000 }, "geometry": { "type": "MultiPolygon", "coordinates": [ [ [ [ 145.236827, 14.129096 ], [ 145.229015, 14.119940 ], [ 145.209972, 14.110663 ], [ 145.199474, 14.113918 ], [ 145.189626, 14.121772 ], [ 145.171641, 14.126166 ], [ 145.142263, 14.122707 ], [ 145.126231, 14.123236 ], [ 145.119314, 14.129584 ], [ 145.130707, 14.146918 ], [ 145.157237, 14.163764 ], [ 145.186371, 14.176418 ], [ 145.205740, 14.181383 ], [ 145.252452, 14.200385 ], [ 145.279959, 14.202786 ], [ 145.290538, 14.181383 ], [ 145.287364, 14.169582 ], [ 145.282074, 14.161038 ], [ 145.273611, 14.155829 ], [ 145.260427, 14.154120 ], [ 145.249848, 14.150051 ], [ 145.242849, 14.140367 ], [ 145.236827, 14.129096 ] ] ], [ [ [ 145.645763, 14.929755 ], [ 145.625824, 14.915269 ], [ 145.606456, 14.928127 ], [ 145.601817, 14.941107 ], [ 145.597911, 14.968655 ], [ 145.592133, 14.982733 ], [ 145.579845, 14.998603 ], [ 145.577159, 15.005845 ], [ 145.578461, 15.017483 ], [ 145.590099, 15.040432 ], [ 145.611095, 15.066799 ], [ 145.633067, 15.082099 ], [ 145.647309, 15.072089 ], [ 145.652599, 15.059272 ], [ 145.651215, 15.046576 ], [ 145.647960, 15.032945 ], [ 145.647309, 15.017483 ], [ 145.651378, 15.008734 ], [ 145.665050, 14.992987 ], [ 145.667817, 14.982733 ], [ 145.661388, 14.956977 ], [ 145.645763, 14.929755 ] ] ], [ [ [ 145.784516, 15.168280 ], [ 145.779796, 15.159166 ], [ 145.773611, 15.154608 ], [ 145.766124, 15.155015 ], [ 145.757172, 15.160834 ], [ 145.744965, 15.149848 ], [ 145.738780, 15.136664 ], [ 145.739431, 15.122707 ], [ 145.746918, 15.109320 ], [ 145.752615, 15.096015 ], [ 145.738536, 15.096422 ], [ 145.721039, 15.102362 ], [ 145.716319, 15.105618 ], [ 145.694102, 15.100491 ], [ 145.685557, 15.102484 ], [ 145.682140, 15.116523 ], [ 145.683849, 15.131293 ], [ 145.695811, 15.168280 ], [ 145.696951, 15.182563 ], [ 145.696462, 15.193671 ], [ 145.698253, 15.203192 ], [ 145.705821, 15.212348 ], [ 145.711111, 15.215522 ], [ 145.729991, 15.222886 ], [ 145.733409, 15.227688 ], [ 145.734060, 15.239244 ], [ 145.736095, 15.243394 ], [ 145.748383, 15.249335 ], [ 145.774425, 15.257392 ], [ 145.787852, 15.267279 ], [ 145.801117, 15.272162 ], [ 145.816580, 15.270168 ], [ 145.823741, 15.262397 ], [ 145.811860, 15.250230 ], [ 145.800466, 15.243232 ], [ 145.792735, 15.232245 ], [ 145.775890, 15.189521 ], [ 145.776541, 15.180854 ], [ 145.784516, 15.168280 ] ] ], [ [ [ 145.697032, 16.341783 ], [ 145.669119, 16.339179 ], [ 145.656016, 16.340277 ], [ 145.643809, 16.344631 ], [ 145.633800, 16.353217 ], [ 145.628184, 16.364081 ], [ 145.629405, 16.373684 ], [ 145.637706, 16.379950 ], [ 145.654145, 16.381171 ], [ 145.667166, 16.377427 ], [ 145.697927, 16.373725 ], [ 145.709483, 16.367499 ], [ 145.717621, 16.352607 ], [ 145.711192, 16.344957 ], [ 145.697032, 16.341783 ] ] ], [ [ [ 145.804535, 16.693061 ], [ 145.789236, 16.675482 ], [ 145.769054, 16.694770 ], [ 145.785899, 16.700100 ], [ 145.804535, 16.693061 ] ] ], [ [ [ 145.868175, 17.301744 ], [ 145.854991, 17.285793 ], [ 145.835948, 17.305162 ], [ 145.851248, 17.309394 ], [ 145.868175, 17.301744 ] ] ], [ [ [ 145.866954, 17.575019 ], [ 145.854259, 17.566881 ], [ 145.832205, 17.577460 ], [ 145.826915, 17.593207 ], [ 145.834239, 17.605780 ], [ 145.850597, 17.606879 ], [ 145.862966, 17.598538 ], [ 145.868907, 17.586737 ], [ 145.866954, 17.575019 ] ] ], [ [ [ 145.758149, 18.061184 ], [ 145.743663, 18.053290 ], [ 145.719493, 18.054185 ], [ 145.713067, 18.077465 ], [ 145.739513, 18.090969 ], [ 145.750766, 18.113726 ], [ 145.756697, 18.161751 ], [ 145.771118, 18.175209 ], [ 145.811697, 18.173896 ], [ 145.824962, 18.167711 ], [ 145.835216, 18.157945 ], [ 145.839122, 18.145087 ], [ 145.835623, 18.128323 ], [ 145.826427, 18.119330 ], [ 145.814301, 18.113023 ], [ 145.802013, 18.104193 ], [ 145.758149, 18.061184 ] ] ], [ [ [ 145.693614, 18.727729 ], [ 145.678233, 18.722602 ], [ 145.661632, 18.724270 ], [ 145.635517, 18.747218 ], [ 145.632555, 18.786914 ], [ 145.650372, 18.808902 ], [ 145.688324, 18.807359 ], [ 145.701915, 18.791653 ], [ 145.708018, 18.779690 ], [ 145.709646, 18.766832 ], [ 145.709483, 18.748440 ], [ 145.705089, 18.737128 ], [ 145.693614, 18.727729 ] ] ], [ [ [ 145.413748, 19.662421 ], [ 145.405610, 19.652777 ], [ 145.391775, 19.660549 ], [ 145.382091, 19.672797 ], [ 145.382091, 19.684149 ], [ 145.397227, 19.688910 ], [ 145.409923, 19.684475 ], [ 145.415375, 19.674384 ], [ 145.413748, 19.662421 ] ] ], [ [ [ 145.245372, 20.035793 ], [ 145.245860, 20.030422 ], [ 145.252452, 20.031440 ], [ 145.261485, 20.034613 ], [ 145.269379, 20.036200 ], [ 145.272797, 20.032375 ], [ 145.270763, 20.024156 ], [ 145.265798, 20.017564 ], [ 145.258637, 20.012641 ], [ 145.250743, 20.009711 ], [ 145.240001, 20.013251 ], [ 145.231130, 20.020209 ], [ 145.226736, 20.029771 ], [ 145.229259, 20.040961 ], [ 145.238780, 20.050442 ], [ 145.243419, 20.045559 ], [ 145.245372, 20.035793 ] ] ], [ [ [ 144.925792, 20.525336 ], [ 144.915701, 20.517157 ], [ 144.905121, 20.526597 ], [ 144.902110, 20.540025 ], [ 144.906749, 20.551500 ], [ 144.919688, 20.555406 ], [ 144.931814, 20.549221 ], [ 144.932465, 20.537502 ], [ 144.925792, 20.525336 ] ] ] ] } }
,
{ "type": "Feature", "properties": { "scalerank": 5, "featurecla": "Admin-0 map subunit", "labelrank": 6.000000, "sovereignt": "Nauru", "sov_a3": "NRU", "adm0_dif": 0.000000, "level": 2.000000, "type": "Sovereign country", "admin": "Nauru", "adm0_a3": "NRU", "geou_dif": 0.000000, "geounit": "Nauru", "gu_a3": "NRU", "su_dif": 0.000000, "subunit": "Nauru", "su_a3": "NRU", "brk_diff": 0.000000, "name": "Nauru", "name_long": "Nauru", "brk_a3": "NRU", "brk_name": "Nauru", "brk_group": "", "abbrev": "Nauru", "postal": "NR", "formal_en": "Republic of Nauru", "formal_fr": "", "note_adm0": "", "note_brk": "", "name_sort": "Nauru", "name_alt": "", "mapcolor7": 3.000000, "mapcolor8": 7.000000, "mapcolor9": 6.000000, "mapcolor13": 9.000000, "pop_est": 14019.000000, "gdp_md_est": 60.000000, "pop_year": -99.000000, "lastcensus": -99.000000, "gdp_year": -99.000000, "economy": "6. Developing region", "income_grp": "4. Lower middle income", "wikipedia": -99.000000, "fips_10": "", "iso_a2": "NR", "iso_a3": "NRU", "iso_n3": "520", "un_a3": "520", "wb_a2": "-99", "wb_a3": "-99", "woe_id": -99.000000, "adm0_a3_is": "NRU", "adm0_a3_us": "NRU", "adm0_a3_un": -99.000000, "adm0_a3_wb": -99.000000, "continent": "Oceania", "region_un": "Oceania", "subregion": "Micronesia", "region_wb": "East Asia & Pacific", "name_len": 5.000000, "long_len": 5.000000, "abbrev_len": 5.000000, "tiny": 3.000000, "homepart": 1.000000 }, "geometry": { "type": "Polygon", "coordinates": [ [ [ 166.938813, -0.490411 ], [ 166.955577, -0.497979 ], [ 166.958263, -0.517673 ], [ 166.951345, -0.539158 ], [ 166.938813, -0.551853 ], [ 166.916352, -0.547540 ], [ 166.906993, -0.524835 ], [ 166.913422, -0.500177 ], [ 166.938813, -0.490411 ] ] ] } }
,
{ "type": "Feature", "properties": { "scalerank": 5, "featurecla": "Admin-0 map subunit", "labelrank": 6.000000, "sovereignt": "Palau", "sov_a3": "PLW", "adm0_dif": 0.000000, "level": 2.000000, "type": "Sovereign country", "admin": "Palau", "adm0_a3": "PLW", "geou_dif": 0.000000, "geounit": "Palau", "gu_a3": "PLW", "su_dif": 0.000000, "subunit": "Palau", "su_a3": "PLW", "brk_diff": 0.000000, "name": "Palau", "name_long": "Palau", "brk_a3": "PLW", "brk_name": "Palau", "brk_group": "", "abbrev": "Palau", "postal": "PW", "formal_en": "Republic of Palau", "formal_fr": "", "note_adm0": "", "note_brk": "", "name_sort": "Palau", "name_alt": "", "mapcolor7": 2.000000, "mapcolor8": 5.000000, "mapcolor9": 1.000000, "mapcolor13": 12.000000, "pop_est": 20796.000000, "gdp_md_est": 164.000000, "pop_year": -99.000000, "lastcensus": 2010.000000, "gdp_year": -99.000000, "economy": "6. Developing region", "income_grp": "3. Upper middle income", "wikipedia": -99.000000, "fips_10": "", "iso_a2": "PW", "iso_a3": "PLW", "iso_n3": "585", "un_a3": "585", "wb_a2": "PW", "wb_a3": "PLW", "woe_id": -99.000000, "adm0_a3_is": "PLW", "adm0_a3_us": "PLW", "adm0_a3_un": -99.000000, "adm0_a3_wb": -99.000000, "continent": "Oceania", "region_un": "Oceania", "subregion": "Micronesia", "region_wb": "East Asia & Pacific", "name_len": 5.000000, "long_len": 5.000000, "abbrev_len": 5.000000, "tiny": 2.000000, "homepart": 1.000000 }, "geometry": { "type": "MultiPolygon", "coordinates": [ [ [ [ 131.812999, 2.960435 ], [ 131.795177, 2.949042 ], [ 131.778819, 2.952826 ], [ 131.775401, 2.964057 ], [ 131.785004, 2.974066 ], [ 131.791515, 2.977729 ], [ 131.806407, 2.974270 ], [ 131.812999, 2.960435 ] ] ], [ [ [ 131.160492, 3.022773 ], [ 131.138438, 3.018948 ], [ 131.131114, 3.029486 ], [ 131.142100, 3.047309 ], [ 131.160899, 3.058783 ], [ 131.183604, 3.060289 ], [ 131.192068, 3.048814 ], [ 131.180431, 3.033271 ], [ 131.160492, 3.022773 ] ] ], [ [ [ 132.226736, 5.304348 ], [ 132.220388, 5.292222 ], [ 132.213878, 5.307115 ], [ 132.220225, 5.310248 ], [ 132.226736, 5.304348 ] ] ], [ [ [ 134.173350, 6.893744 ], [ 134.159679, 6.884467 ], [ 134.145274, 6.899156 ], [ 134.136729, 6.919094 ], [ 134.139659, 6.934272 ], [ 134.159841, 6.935004 ], [ 134.173188, 6.924872 ], [ 134.177745, 6.909166 ], [ 134.173350, 6.893744 ] ] ], [ [ [ 134.243337, 6.992825 ], [ 134.234386, 6.984320 ], [ 134.230479, 6.989203 ], [ 134.235688, 7.008490 ], [ 134.271495, 7.074530 ], [ 134.279307, 7.072740 ], [ 134.283214, 7.068752 ], [ 134.284434, 7.062649 ], [ 134.285004, 7.054633 ], [ 134.280935, 7.049628 ], [ 134.271495, 7.033596 ], [ 134.279959, 7.020494 ], [ 134.276052, 7.016913 ], [ 134.266449, 7.016425 ], [ 134.257823, 7.013088 ], [ 134.243337, 6.992825 ] ] ], [ [ [ 134.416515, 7.247952 ], [ 134.392914, 7.224514 ], [ 134.377940, 7.219143 ], [ 134.364919, 7.221503 ], [ 134.355235, 7.228013 ], [ 134.349132, 7.237779 ], [ 134.347179, 7.249905 ], [ 134.347911, 7.267808 ], [ 134.350841, 7.271186 ], [ 134.382579, 7.237942 ], [ 134.389008, 7.238918 ], [ 134.401703, 7.246487 ], [ 134.436860, 7.277899 ], [ 134.443858, 7.287421 ], [ 134.444591, 7.299221 ], [ 134.441417, 7.310248 ], [ 134.441091, 7.316718 ], [ 134.449474, 7.314765 ], [ 134.454845, 7.311591 ], [ 134.458995, 7.307685 ], [ 134.462169, 7.302151 ], [ 134.463878, 7.294257 ], [ 134.449229, 7.290025 ], [ 134.450938, 7.281643 ], [ 134.458995, 7.271877 ], [ 134.463878, 7.263577 ], [ 134.458344, 7.256741 ], [ 134.446137, 7.253811 ], [ 134.425955, 7.253323 ], [ 134.416515, 7.247952 ] ] ], [ [ [ 134.511892, 7.347317 ], [ 134.527354, 7.331529 ], [ 134.522227, 7.311347 ], [ 134.511892, 7.308580 ], [ 134.503266, 7.319322 ], [ 134.496593, 7.333808 ], [ 134.491222, 7.342678 ], [ 134.477794, 7.346869 ], [ 134.468028, 7.343817 ], [ 134.449474, 7.328355 ], [ 134.447765, 7.343207 ], [ 134.449555, 7.355414 ], [ 134.456879, 7.362698 ], [ 134.471365, 7.362494 ], [ 134.488617, 7.357856 ], [ 134.511892, 7.347317 ] ] ], [ [ [ 134.658214, 7.591051 ], [ 134.645356, 7.557440 ], [ 134.625743, 7.530504 ], [ 134.624848, 7.523912 ], [ 134.635997, 7.509467 ], [ 134.635997, 7.503160 ], [ 134.631358, 7.498684 ], [ 134.622895, 7.472805 ], [ 134.599620, 7.442572 ], [ 134.594249, 7.421129 ], [ 134.601085, 7.383612 ], [ 134.596202, 7.369940 ], [ 134.591645, 7.366889 ], [ 134.586681, 7.368598 ], [ 134.574962, 7.369574 ], [ 134.565603, 7.375312 ], [ 134.559337, 7.376166 ], [ 134.554698, 7.372545 ], [ 134.544200, 7.358547 ], [ 134.538829, 7.355699 ], [ 134.528005, 7.357571 ], [ 134.523774, 7.361029 ], [ 134.522309, 7.367011 ], [ 134.513438, 7.391791 ], [ 134.505870, 7.424018 ], [ 134.499278, 7.438218 ], [ 134.491222, 7.444566 ], [ 134.485525, 7.444159 ], [ 134.482921, 7.445787 ], [ 134.484386, 7.458726 ], [ 134.487559, 7.469916 ], [ 134.493337, 7.480129 ], [ 134.501313, 7.488349 ], [ 134.511567, 7.493476 ], [ 134.515473, 7.480536 ], [ 134.524425, 7.478827 ], [ 134.533865, 7.485989 ], [ 134.538829, 7.499701 ], [ 134.536143, 7.507961 ], [ 134.528331, 7.516099 ], [ 134.511567, 7.527655 ], [ 134.519298, 7.534857 ], [ 134.532725, 7.553697 ], [ 134.544770, 7.561835 ], [ 134.546397, 7.561184 ], [ 134.547211, 7.566718 ], [ 134.547130, 7.580390 ], [ 134.546397, 7.581610 ], [ 134.556977, 7.601142 ], [ 134.569102, 7.613715 ], [ 134.586111, 7.620551 ], [ 134.611176, 7.622545 ], [ 134.635020, 7.629340 ], [ 134.640961, 7.645982 ], [ 134.632986, 7.698188 ], [ 134.623709, 7.717963 ], [ 134.621430, 7.729682 ], [ 134.625336, 7.734076 ], [ 134.634288, 7.732164 ], [ 134.643321, 7.726467 ], [ 134.648204, 7.719428 ], [ 134.660167, 7.686021 ], [ 134.663341, 7.638577 ], [ 134.658214, 7.591051 ] ] ] ] } }
,
{ "type": "Feature", "properties": { "scalerank": 6, "featurecla": "Admin-0 map subunit", "labelrank": 6.000000, "sovereignt": "United States of America", "sov_a3": "US1", "adm0_dif": 1.000000, "level": 3.000000, "type": "Geo unit", "admin": "United States Minor Outlying Islands", "adm0_a3": "UMI", "geou_dif": 1.000000, "geounit": "Wake Atoll", "gu_a3": "WQI", "su_dif": 0.000000, "subunit": "Wake Atoll", "su_a3": "WQI", "brk_diff": 1.000000, "name": "Wake Atoll", "name_long": "Wake Atoll", "brk_a3": "B59", "brk_name": "Wake Atoll", "brk_group": "", "abbrev": "Wake At.", "postal": "WA", "formal_en": "", "formal_fr": "", "note_adm0": "U.S.A.", "note_brk": "Admin. by U.S.A.; Claimed by Marshall Islands", "name_sort": "Wake Atoll", "name_alt": "", "mapcolor7": 4.000000, "mapcolor8": 5.000000, "mapcolor9": 1.000000, "mapcolor13": 1.000000, "pop_est": -99.000000, "gdp_md_est": -99.000000, "pop_year": -99.000000, "lastcensus": -99.000000, "gdp_year": -99.000000, "economy": "7. Least developed region", "income_grp": "5. Low income", "wikipedia": -99.000000, "fips_10": "", "iso_a2": "-99", "iso_a3": "-99", "iso_n3": "-99", "un_a3": "-099", "wb_a2": "-99", "wb_a3": "-99", "woe_id": -99.000000, "adm0_a3_is": "WQI", "adm0_a3_us": "UMI", "adm0_a3_un": -99.000000, "adm0_a3_wb": -99.000000, "continent": "Oceania", "region_un": "Oceania", "subregion": "Micronesia", "region_wb": "East Asia & Pacific", "name_len": 10.000000, "long_len": 10.000000, "abbrev_len": 8.000000, "tiny": -99.000000, "homepart": -99.000000 }, "geometry": { "type": "Polygon", "coordinates": [ [ [ 166.619395, 19.281643 ], [ 166.629731, 19.282416 ], [ 166.638194, 19.286444 ], [ 166.640880, 19.294013 ], [ 166.634776, 19.305732 ], [ 166.648123, 19.297756 ], [ 166.652354, 19.284247 ], [ 166.644216, 19.275580 ], [ 166.619395, 19.281643 ] ] ] } }

]
}
